,Country Code,Region,IncomeGroup,SpecialNotes,TableName
0,ABW,Latin America & Caribbean,High income,,Aruba
1,AFE,,,"26 countries, stretching from the Red Sea in the North to the Cape of Good Hope in the South (https://www.worldbank.org/en/region/afr/eastern-and-southern-africa)",Africa Eastern and Southern
2,AFG,South Asia,Low income,"The reporting period for national accounts data is designated as either calendar year basis (CY) or fiscal year basis (FY). For this country, it is fiscal year-based (fiscal year-end: March 20). Also, an estimate (PA.NUS.ATLS) of the exchange rate covers the same period and thus differs from the official exchange rate (CY).

In addition, the World Bank systematically assesses the appropriateness of official exchange rates as conversion factors. In this country, multiple or dual exchange rate activity exists and must be accounted for appropriately in underlying statistics. An alternative estimate (“alternative conversion factor” - PA.NUS.ATLS) is thus calculated as a weighted average of the different exchange rates in use in the country. Doing so better reflects economic reality and leads to more accurate cross-country comparisons and country classifications by income level. For this country, this applies to the period 1960-2006. Alternative conversion factors are used in the Atlas methodology and elsewhere in World Development Indicators as single-year conversion factors.",Afghanistan
3,AFW,,,"22 countries, stretching from the westernmost point of Africa, across the equator, and partly along the Atlantic Ocean till the Republic of Congo in the South (https://www.worldbank.org/en/region/afr/western-and-central-africa)",Africa Western and Central
4,AGO,Sub-Saharan Africa,Lower middle income,"The World Bank systematically assesses the appropriateness of official exchange rates as conversion factors. In this country, multiple or dual exchange rate activity exists and must be accounted for appropriately in underlying statistics. An alternative estimate (“alternative conversion factor” - PA.NUS.ATLS) is thus calculated as a weighted average of the different exchange rates in use in the country. Doing so better reflects economic reality and leads to more accurate cross-country comparisons and country classifications by income level. For this country, this applies to the period 1994-2023. Alternative conversion factors are used in the Atlas methodology and elsewhere in World Development Indicators as single-year conversion factors.",Angola
5,ALB,Europe & Central Asia,Upper middle income,,Albania
6,AND,Europe & Central Asia,High income,,Andorra
7,ARB,,,Arab World aggregate. Arab World is composed of members of the League of Arab States.,Arab World
8,ARE,Middle East & North Africa,High income,,United Arab Emirates
9,ARG,Latin America & Caribbean,Upper middle income,"The World Bank systematically assesses the appropriateness of official exchange rates as conversion factors. In this country, multiple or dual exchange rate activity exists and must be accounted for appropriately in underlying statistics. An alternative estimate (“alternative conversion factor” - PA.NUS.ATLS) is thus calculated as a weighted average of the different exchange rates in use in the country. Doing so better reflects economic reality and leads to more accurate cross-country comparisons and country classifications by income level. For this country, this applies to the period 1971-2018. Alternative conversion factors are used in the Atlas methodology and elsewhere in World Development Indicators as single-year conversion factors.",Argentina
10,ARM,Europe & Central Asia,Upper middle income,,Armenia
11,ASM,East Asia & Pacific,High income,,American Samoa
12,ATG,Latin America & Caribbean,High income,,Antigua and Barbuda
13,AUS,East Asia & Pacific,High income,,Australia
14,AUT,Europe & Central Asia,High income,"A simple multiplier is used to convert the national currencies of EMU members to euros. The following irrevocable euro conversion rate was adopted by the EU Council on January 1, 1999: 1 euro = 13.7603 Austrian schilling. Please note that historical data before 1999 are not actual euros and are not comparable or suitable for aggregation across countries.",Austria
15,AZE,Europe & Central Asia,Upper middle income,,Azerbaijan
16,BDI,Sub-Saharan Africa,Low income,"The World Bank systematically assesses the appropriateness of official exchange rates as conversion factors. In this country, multiple or dual exchange rate activity exists and must be accounted for appropriately in underlying statistics. An alternative estimate (“alternative conversion factor” - PA.NUS.ATLS) is thus calculated as a weighted average of the different exchange rates in use in the country. Doing so better reflects economic reality and leads to more accurate cross-country comparisons and country classifications by income level. For this country, this applies to the period 1983-2023. Alternative conversion factors are used in the Atlas methodology and elsewhere in World Development Indicators as single-year conversion factors.",Burundi
17,BEL,Europe & Central Asia,High income,"A simple multiplier is used to convert the national currencies of EMU members to euros. The following irrevocable euro conversion rate was adopted by the EU Council on January 1, 1999: 1 euro = 40.3399 Belgian franc. Please note that historical data before 1999 are not actual euros and are not comparable or suitable for aggregation across countries.",Belgium
18,BEN,Sub-Saharan Africa,Lower middle income,,Benin
19,BFA,Sub-Saharan Africa,Low income,,Burkina Faso
20,BGD,South Asia,Lower middle income,"The reporting period for national accounts data is designated as either calendar year basis (CY) or fiscal year basis (FY). For this country, it is fiscal year-based (fiscal year-end: June 30). Also, an estimate (PA.NUS.ATLS) of the exchange rate covers the same period and thus differs from the official exchange rate (CY).",Bangladesh
21,BGR,Europe & Central Asia,High income,,Bulgaria
22,BHR,Middle East & North Africa,High income,,Bahrain
23,BHS,Latin America & Caribbean,High income,,"Bahamas, The"
24,BIH,Europe & Central Asia,Upper middle income,,Bosnia and Herzegovina
25,BLR,Europe & Central Asia,Upper middle income,"Data before 2015 were adjusted to reflect the new denomination effective from July 1, 2016 (BYN), a decrease of 10,000 times (1 BYN = 10,000 BYR)",Belarus
26,BLZ,Latin America & Caribbean,Upper middle income,,Belize
27,BMU,North America,High income,,Bermuda
28,BOL,Latin America & Caribbean,Lower middle income,,Bolivia
29,BRA,Latin America & Caribbean,Upper middle income,,Brazil
30,BRB,Latin America & Caribbean,High income,,Barbados
31,BRN,East Asia & Pacific,High income,,Brunei Darussalam
32,BTN,South Asia,Lower middle income,,Bhutan
33,BWA,Sub-Saharan Africa,Upper middle income,,Botswana
34,CAF,Sub-Saharan Africa,Low income,,Central African Republic
35,CAN,North America,High income,Fiscal year end: March 31; reporting period for national accounts data: CY.,Canada
36,CEB,,,Central Europe and the Baltics aggregate.,Central Europe and the Baltics
37,CHE,Europe & Central Asia,High income,,Switzerland
38,CHI,Europe & Central Asia,High income,,Channel Islands
39,CHL,Latin America & Caribbean,High income,,Chile
40,CHN,East Asia & Pacific,Upper middle income,"On 1 July 1997 China resumed its exercise of sovereignty over Hong Kong, and on 20 December 1999, China resumed its exercise of sovereignty over Macao. Unless otherwise noted, data for China do not include data for Hong Kong SAR, China; Macao SAR, China; or Taiwan, China.

The World Bank systematically assesses the appropriateness of official exchange rates as conversion factors. In this country, multiple or dual exchange rate activity exists and must be accounted for appropriately in underlying statistics. An alternative estimate (“alternative conversion factor” - PA.NUS.ATLS) is thus calculated as a weighted average of the different exchange rates in use in the country. Doing so better reflects economic reality and leads to more accurate cross-country comparisons and country classifications by income level. For this country, this applies to the period 1978-1993. Alternative conversion factors are used in the Atlas methodology and elsewhere in World Development Indicators as single-year conversion factors.",China
41,CIV,Sub-Saharan Africa,Lower middle income,,Côte d'Ivoire
42,CMR,Sub-Saharan Africa,Lower middle income,,Cameroon
43,COD,Sub-Saharan Africa,Low income,"The World Bank systematically assesses the appropriateness of official exchange rates as conversion factors. In this country, multiple or dual exchange rate activity exists and must be accounted for appropriately in underlying statistics. An alternative estimate (“alternative conversion factor” - PA.NUS.ATLS) is thus calculated as a weighted average of the different exchange rates in use in the country. Doing so better reflects economic reality and leads to more accurate cross-country comparisons and country classifications by income level. For this country, this applies to the period 1999-2004. Alternative conversion factors are used in the Atlas methodology and elsewhere in World Development Indicators as single-year conversion factors.","Congo, Dem. Rep."
44,COG,Sub-Saharan Africa,Lower middle income,,"Congo, Rep."
45,COL,Latin America & Caribbean,Upper middle income,,Colombia
46,COM,Sub-Saharan Africa,Lower middle income,,Comoros
47,CPV,Sub-Saharan Africa,Lower middle income,,Cabo Verde
48,CRI,Latin America & Caribbean,Upper middle income,,Costa Rica
49,CSS,,,Caribbean small states aggregate.,Caribbean small states
50,CUB,Latin America & Caribbean,Upper middle income,,Cuba
51,CUW,Latin America & Caribbean,High income,,Curaçao
52,CYM,Latin America & Caribbean,High income,,Cayman Islands
53,CYP,Europe & Central Asia,High income,"A simple multiplier is used to convert the national currencies of EMU members to euros. The following irrevocable euro conversion rate entered into force on January 1, 2008: 1 euro = 0.585274 Cyprus pounds. Please note that historical data are not actual euros and are not comparable or suitable for aggregation across countries.",Cyprus
54,CZE,Europe & Central Asia,High income,,Czechia
55,DEU,Europe & Central Asia,High income,"A simple multiplier is used to convert the national currencies of EMU members to euros. The following irrevocable euro conversion rate was adopted by the EU Council on January 1, 1999: 1 euro = 1.95583 Deutsche Mark. Please note that historical data before 1999 are not actual euros and are not comparable or suitable for aggregation across countries.",Germany
56,DJI,Middle East & North Africa,Lower middle income,,Djibouti
57,DMA,Latin America & Caribbean,Upper middle income,,Dominica
58,DNK,Europe & Central Asia,High income,,Denmark
59,DOM,Latin America & Caribbean,Upper middle income,,Dominican Republic
60,DZA,Middle East & North Africa,Upper middle income,,Algeria
61,EAP,,,,East Asia & Pacific (excluding high income)
62,EAR,,,Early-dividend countries are mostly lower-middle-income countries further along the fertility transition. Fertility rates have fallen below four births per woman and the working-age share of the population is likely rising considerably.,Early-demographic dividend
63,EAS,,,East Asia and Pacific regional aggregate (includes all income levels).,East Asia & Pacific
64,ECA,,,,Europe & Central Asia (excluding high income)
65,ECS,,,Europe and Central Asia regional aggregate (includes all income levels).,Europe & Central Asia
66,ECU,Latin America & Caribbean,Upper middle income,,Ecuador
67,EGY,Middle East & North Africa,Lower middle income,"The reporting period for national accounts data is designated as either calendar year basis (CY) or fiscal year basis (FY). For this country, it is fiscal year-based (fiscal year-end: June 30) for the years 1980 and after. The data from 1973 to 1979 refer to the calendar year data. Also, an estimate (PA.NUS.ATLS) of the exchange rate covers the same period and thus differs from the official exchange rate (CY). 

In addition, the World Bank systematically assesses the appropriateness of official exchange rates as conversion factors. In this country, multiple or dual exchange rate activity exists and must be accounted for appropriately in underlying statistics. An alternative estimate (“alternative conversion factor” - PA.NUS.ATLS) is thus calculated as a weighted average of the different exchange rates in use in the country. Doing so better reflects economic reality and leads to more accurate cross-country comparisons and country classifications by income level. For this country, this applies to the period 1965-2021. Alternative conversion factors are used in the Atlas methodology and elsewhere in World Development Indicators as single-year conversion factors.

The national accounts data for Egypt has been updated to reflect local constant prices in the year 2022, moving from the previous reference of 2017.","Egypt, Arab Rep."
68,EMU,,,Euro area aggregate.,Euro area
69,ERI,Sub-Saharan Africa,Low income,"The World Bank systematically assesses the appropriateness of official exchange rates as conversion factors. In this country, multiple or dual exchange rate activity exists and must be accounted for appropriately in underlying statistics. An alternative estimate (“alternative conversion factor” - PA.NUS.ATLS) is thus calculated as a weighted average of the different exchange rates in use in the country. Doing so better reflects economic reality and leads to more accurate cross-country comparisons and country classifications by income level. For this country, this applies to the period 1992-1997. Alternative conversion factors are used in the Atlas methodology and elsewhere in World Development Indicators as single-year conversion factors.",Eritrea
70,ESP,Europe & Central Asia,High income,"A simple multiplier is used to convert the national currencies of EMU members to euros. The following irrevocable euro conversion rate was adopted by the EU Council on January 1, 1999: 1 euro = 166.386 Spanish peseta. Please note that historical data before 1999 are not actual euros and are not comparable or suitable for aggregation across countries.",Spain
71,EST,Europe & Central Asia,High income,"The following irrevocable euro conversion rate entered into force on January 1, 2011: 1 euro = 15.6466 Estonian kroon. Please note that historical data are not actual euros and are not comparable or suitable for aggregation across countries.",Estonia
72,ETH,Sub-Saharan Africa,Low income,"The reporting period for national accounts data is designated as either calendar year basis (CY) or fiscal year basis (FY). For this country, it is fiscal year-based (fiscal year-end: July 7). Also, an estimate (PA.NUS.ATLS) of the exchange rate covers the same period and thus differs from the official exchange rate (CY).",Ethiopia
73,EUU,,,European Union aggregate.,European Union
74,FCS,,,"Countries are distinguished based on the nature and severity of issues they face. The classification uses the following categories: - Countries with high levels of institutional and social fragility, identified based on publicly available indicators that measure the quality of policy and institutions and manifestations of fragility. - Countries affected by violent conflict, identified based on a threshold number of conflict-related deaths relative to the population. This category includes two sub-categories based on the intensity of violence: countries in high-intensity conflict and countries in medium-intensity conflict. For more information, please visit https://www.worldbank.org/en/topic/fragilityconflictviolence/brief/harmonized-list-of-fragile-situations.",Fragile and conflict affected situations
75,FIN,Europe & Central Asia,High income,"A simple multiplier is used to convert the national currencies of EMU members to euros. The following irrevocable euro conversion rate was adopted by the EU Council on January 1, 1999: 1 euro = 5.94573 Finnish markka. Please note that historical data before 1999 are not actual euros and are not comparable or suitable for aggregation across countries.",Finland
76,FJI,East Asia & Pacific,Upper middle income,,Fiji
77,FRA,Europe & Central Asia,High income,"The following irrevocable euro conversion rate was adopted by the EU Council on January 1, 1999: 1 euro = 6.55957 French franc. Please note that historical data before 1999 are not actual euros and are not comparable or suitable for aggregation across countries.",France
78,FRO,Europe & Central Asia,High income,,Faroe Islands
79,FSM,East Asia & Pacific,Lower middle income,Fiscal year ends on September 30; reporting period for national accounts data: FY. The source for national accounts data is the Pacific and Virgin Islands Training Initiative.,"Micronesia, Fed. Sts."
80,GAB,Sub-Saharan Africa,Upper middle income,,Gabon
81,GBR,Europe & Central Asia,High income,,United Kingdom
82,GEO,Europe & Central Asia,Upper middle income,"Includes self-governed areas only, which mostly exclude Abkhazia and South Ossetia, but small areas in Abkhazia and South Ossetia are included before 2008 or 2009 because of the changes in self-governed areas.",Georgia
83,GHA,Sub-Saharan Africa,Lower middle income,"The World Bank systematically assesses the appropriateness of official exchange rates as conversion factors. In this country, multiple or dual exchange rate activity exists and must be accounted for appropriately in underlying statistics. An alternative estimate (“alternative conversion factor” - PA.NUS.ATLS) is thus calculated as a weighted average of the different exchange rates in use in the country. Doing so better reflects economic reality and leads to more accurate cross-country comparisons and country classifications by income level. For this country, this applies to the period 1974-1987. Alternative conversion factors are used in the Atlas methodology and elsewhere in World Development Indicators as single-year conversion factors.",Ghana
84,GIB,Europe & Central Asia,High income,The DEC conversion is not reported when national accounts data are unavailable.,Gibraltar
85,GIN,Sub-Saharan Africa,Lower middle income,,Guinea
86,GMB,Sub-Saharan Africa,Low income,,"Gambia, The"
87,GNB,Sub-Saharan Africa,Low income,,Guinea-Bissau
88,GNQ,Sub-Saharan Africa,Upper middle income,,Equatorial Guinea
89,GRC,Europe & Central Asia,High income,"A simple multiplier is used to convert the national currencies of EMU members to euros. The following irrevocable euro conversion rate was adopted by the EU Council on January 1, 1999: 1 euro = 340.75 Greek drachma. Please note that historical data before 1999 are not actual euros and are not comparable or suitable for aggregation across countries.",Greece
90,GRD,Latin America & Caribbean,Upper middle income,,Grenada
91,GRL,Europe & Central Asia,High income,,Greenland
92,GTM,Latin America & Caribbean,Upper middle income,"The World Bank systematically assesses the appropriateness of official exchange rates as conversion factors. In this country, multiple or dual exchange rate activity exists and must be accounted for appropriately in underlying statistics. An alternative estimate (“alternative conversion factor” - PA.NUS.ATLS) is thus calculated as a weighted average of the different exchange rates in use in the country. Doing so better reflects economic reality and leads to more accurate cross-country comparisons and country classifications by income level. For this country, this applies to the period 1985-2003. Alternative conversion factors are used in the Atlas methodology and elsewhere in World Development Indicators as single-year conversion factors.",Guatemala
93,GUM,East Asia & Pacific,High income,,Guam
94,GUY,Latin America & Caribbean,High income,,Guyana
95,HIC,,,"High income group aggregate. High-income economies are those in which 2023 Atlas GNI per capita was more than $14,005.",High income
96,HKG,East Asia & Pacific,High income,"On 1 July 1997 China resumed its exercise of sovereignty over Hong Kong. Unless otherwise noted, data for China do not include data for Hong Kong SAR, China; Macao SAR, China; or Taiwan, China. Agriculture value added includes mining and quarrying.","Hong Kong SAR, China"
97,HND,Latin America & Caribbean,Lower middle income,"The World Bank systematically assesses the appropriateness of official exchange rates as conversion factors. In this country, multiple or dual exchange rate activity exists and must be accounted for appropriately in underlying statistics. An alternative estimate (“alternative conversion factor” - PA.NUS.ATLS) is thus calculated as a weighted average of the different exchange rates in use in the country. Doing so better reflects economic reality and leads to more accurate cross-country comparisons and country classifications by income level. For this country, this applies to the period 1988-1989. Alternative conversion factors are used in the Atlas methodology and elsewhere in World Development Indicators as single-year conversion factors.",Honduras
98,HPC,,,"The Heavily Indebted Poor Countries (HIPC) refer to countries that participated in the HIPC Initiative, launched in 1996 by the IMF and World Bank to reduce external debt burdens of the most heavily indebted poor countries at that time to sustainable levels. To date, the majority of the countries completed the program, receiving 76 billion in debt-service relief over time. For more details, visit https://www.imf.org/en/About/Factsheets/Sheets/2016/08/01/16/11/Debt-Relief-Under-the-Heavily-Indebted-Poor-Countries-Initiative.
Data are aggregates for HIPC.",Heavily indebted poor countries (HIPC)
99,HRV,Europe & Central Asia,High income,"A simple multiplier is used to convert the national currencies of EMU members to euros. The following irrevocable euro conversion rate entered into force on January 1, 2023: 1 euro = 7.53450 Croatian kuna. Please note that historical data are not actual euros and are not comparable or suitable for aggregation across countries.",Croatia
100,HTI,Latin America & Caribbean,Lower middle income,"The reporting period for national accounts data is designated as either calendar year basis (CY) or fiscal year basis (FY). For this country, it is fiscal year-based (fiscal year-end: September 30). Also, an estimate (PA.NUS.ATLS) of the exchange rate covers the same period and thus differs from the official exchange rate (CY).",Haiti
101,HUN,Europe & Central Asia,High income,,Hungary
102,IBD,,,IBRD only group aggregate.,IBRD only
103,IBT,,,"IDA and IBRD total group aggregate (includes IDA only, IDA blend, and IBRD only).",IDA & IBRD total
104,IDA,,,IDA total group aggregate (includes IDA only and IDA blend).,IDA total
105,IDB,,,IDA blend group aggregate.,IDA blend
106,IDN,East Asia & Pacific,Upper middle income,Fiscal year end: March 31; reporting period for national accounts data: CY. Data for Indonesia include Timor-Leste through 1999 unless otherwise noted.,Indonesia
107,IDX,,,IDA only group aggregate.,IDA only
108,IMN,Europe & Central Asia,High income,"Classification for years after 2012 was adjusted and figures were re-estimated by the World Bank, based on the detailed data published by the Cabinet Office, and are not consistent with data for 2011 and before.",Isle of Man
109,IND,South Asia,Lower middle income,"The reporting period for national accounts data is designated as either calendar year basis (CY) or fiscal year basis (FY). For this country, it is fiscal year-based (fiscal year-end: March 31). Also, an estimate (PA.NUS.ATLS) of the exchange rate covers the same period and thus differs from the official exchange rate (CY).",India
110,IRL,Europe & Central Asia,High income,"A simple multiplier is used to convert the national currencies of EMU members to euros. The following irrevocable euro conversion rate was adopted by the EU Council on January 1, 1999: 1 euro = 0.787564 Irish pound. Please note that historical data before 1999 are not actual euros and are not comparable or suitable for aggregation across countries.",Ireland
111,IRN,Middle East & North Africa,Upper middle income,"The reporting period for national accounts data is designated as either calendar year basis (CY) or fiscal year basis (FY). For this country, it is fiscal year-based (fiscal year-end: March 20).  

The World Bank systematically assesses the appropriateness of official exchange rates as conversion factors. In this country, multiple or dual exchange rate activity exists and must be accounted for appropriately in underlying statistics. An alternative estimate (“alternative conversion factor” - PA.NUS.ATLS) is thus calculated as a weighted average of the different exchange rates in use in the country. Doing so better reflects economic reality and leads to more accurate cross-country comparisons and country classifications by income level. For this country, this applies to 1972-2023. Alternative conversion factors are used in the Atlas methodology and elsewhere in World Development Indicators as single-year conversion factors.","Iran, Islamic Rep."
112,IRQ,Middle East & North Africa,Upper middle income,,Iraq
113,ISL,Europe & Central Asia,High income,,Iceland
114,ISR,Middle East & North Africa,High income,,Israel
115,ITA,Europe & Central Asia,High income,"A simple multiplier is used to convert the national currencies of EMU members to euros. The following irrevocable euro conversion rate was adopted by the EU Council on January 1, 1999: 1 euro = 1936.27 Italian lira. Please note that historical data before 1999 are not actual euros and are not comparable or suitable for aggregation across countries.",Italy
116,JAM,Latin America & Caribbean,Upper middle income,,Jamaica
117,JOR,Middle East & North Africa,Lower middle income,,Jordan
118,JPN,East Asia & Pacific,High income,Fiscal year end: March 31; reporting period for national accounts data: CY.,Japan
119,KAZ,Europe & Central Asia,Upper middle income,,Kazakhstan
120,KEN,Sub-Saharan Africa,Lower middle income,Fiscal year end: June 30; reporting period for national accounts data: CY.,Kenya
121,KGZ,Europe & Central Asia,Lower middle income,,Kyrgyz Republic
122,KHM,East Asia & Pacific,Lower middle income,"The World Bank systematically assesses the appropriateness of official exchange rates as conversion factors. In this country, multiple or dual exchange rate activity exists and must be accounted for appropriately in underlying statistics. An alternative estimate (“alternative conversion factor” - PA.NUS.ATLS) is thus calculated as a weighted average of the different exchange rates in use in the country. Doing so better reflects economic reality and leads to more accurate cross-country comparisons and country classifications by income level. For this country, this applies to the period 1963-2004. Alternative conversion factors are used in the Atlas methodology and elsewhere in World Development Indicators as single-year conversion factors.",Cambodia
123,KIR,East Asia & Pacific,Lower middle income,,Kiribati
124,KNA,Latin America & Caribbean,High income,,St. Kitts and Nevis
125,KOR,East Asia & Pacific,High income,,"Korea, Rep."
126,KWT,Middle East & North Africa,High income,,Kuwait
127,LAC,,,,Latin America & Caribbean (excluding high income)
128,LAO,East Asia & Pacific,Lower middle income,"The World Bank systematically assesses the appropriateness of official exchange rates as conversion factors. In this country, multiple or dual exchange rate activity exists and must be accounted for appropriately in underlying statistics. An alternative estimate (“alternative conversion factor” - PA.NUS.ATLS) is thus calculated as a weighted average of the different exchange rates in use in the country. Doing so better reflects economic reality and leads to more accurate cross-country comparisons and country classifications by income level. For this country, this applies to the period 1960-2020. Alternative conversion factors are used in the Atlas methodology and elsewhere in World Development Indicators as single-year conversion factors.",Lao PDR
129,LBN,Middle East & North Africa,Lower middle income,"The World Bank systematically assesses the appropriateness of official exchange rates as conversion factors. In this country, multiple or dual exchange rate activity exists and must be accounted for appropriately in underlying statistics. An alternative estimate (“alternative conversion factor” - PA.NUS.ATLS) is thus calculated as a weighted average of the different exchange rates in use in the country. Doing so better reflects economic reality and leads to more accurate cross-country comparisons and country classifications by income level. For this country, this applies to the period 1984-2023. Alternative conversion factors are used in the Atlas methodology and elsewhere in World Development Indicators as single-year conversion factors.",Lebanon
130,LBR,Sub-Saharan Africa,Low income,National accounts data are provided in the US dollar.,Liberia
131,LBY,Middle East & North Africa,Upper middle income,,Libya
132,LCA,Latin America & Caribbean,Upper middle income,,St. Lucia
133,LCN,,,,Latin America & Caribbean
134,LDC,,,,Least developed countries: UN classification
135,LIC,,,"Low income group aggregate. Low-income economies are those in which 2023 Atlas GNI per capita was $1,145 or less.",Low income
136,LIE,Europe & Central Asia,High income,,Liechtenstein
137,LKA,South Asia,Lower middle income,,Sri Lanka
138,LMC,,,"Lower middle income group aggregate. Lower-middle-income economies are those in which Atlas 2023 GNI per capita was between $1,146 and $4,515.",Lower middle income
139,LMY,,,"Low and middle-income group aggregate. Low and middle-income economies are those in which Atlas 2023 GNI per capita was less than $14,005.",Low & middle income
140,LSO,Sub-Saharan Africa,Lower middle income,Fiscal year end: March 31; reporting period for national accounts data: CY.,Lesotho
141,LTE,,,Late-dividend countries are mostly upper middle-income countries. Fertility rates are typically above replacement levels of 2.1 births per woman but continue to decline with shrinking working-age shares and rapid aging.,Late-demographic dividend
142,LTU,Europe & Central Asia,High income,"A simple multiplier is used to convert the national currencies of EMU members to euros. The following irrevocable euro conversion rate entered into force on January 1, 2015: 1 euro = 3.45280 Lithuanian litas. Please note that historical data are not actual euros and are not comparable or suitable for aggregation across countries.",Lithuania
143,LUX,Europe & Central Asia,High income,"A simple multiplier is used to convert the national currencies of EMU members to euros. The following irrevocable euro conversion rate was adopted by the EU Council on January 1, 1999: 1 euro = 40.3399 Luxembourg franc. Please note that historical data before 1999 are not actual euros and are not comparable or suitable for aggregation across countries.",Luxembourg
144,LVA,Europe & Central Asia,High income,"A simple multiplier is used to convert the national currencies of EMU members to euros. The following irrevocable euro conversion rate entered into force on January 1, 2014: 1 euro = 0.702804 Latvian lats. Please note that historical data are not actual euros and are not comparable or suitable for aggregation across countries. Based on data from EUROSTAT, the new reference year is 2010.",Latvia
145,MAC,East Asia & Pacific,High income,"On 20 December 1999 China resumed its exercise of sovereignty over Macao. Unless otherwise noted, data for China do not include data for Hong Kong SAR, China; Macao SAR, China; or Taiwan, China.","Macao SAR, China"
146,MAF,Latin America & Caribbean,High income,,St. Martin (French part)
147,MAR,Middle East & North Africa,Lower middle income,,Morocco
148,MCO,Europe & Central Asia,High income,,Monaco
149,MDA,Europe & Central Asia,Upper middle income,"Excluding Transnistria. For 1950-94, World Bank estimates using UN World Population Prospects' growth rates of whole Moldova.",Moldova
150,MDG,Sub-Saharan Africa,Low income,,Madagascar
151,MDV,South Asia,Upper middle income,,Maldives
152,MEA,,,Middle East and North Africa regional aggregate (includes all income levels).,Middle East & North Africa
153,MEX,Latin America & Caribbean,Upper middle income,,Mexico
154,MHL,East Asia & Pacific,Upper middle income,Fiscal year ends on September 30; reporting period for national accounts data: FY.,Marshall Islands
155,MIC,,,"Middle income group aggregate. Middle-income economies are those in which 2023 Atlas GNI per capita was between $1,146 and $14,005.",Middle income
156,MKD,Europe & Central Asia,Upper middle income,,North Macedonia
157,MLI,Sub-Saharan Africa,Low income,,Mali
158,MLT,Middle East & North Africa,High income,"A simple multiplier is used to convert the national currencies of EMU members to euros. The following irrevocable euro conversion rate entered into force on January 1, 2008: 1 euro = 0.4293 Maltese lira. Please note that historical data are not actual euros and are not comparable or suitable for aggregation across countries. National accounts data source from 1995 to 2015 is Eurostat; prior to 1995 is UN.",Malta
159,MMR,East Asia & Pacific,Lower middle income,"The reporting period for national accounts data is designated as either calendar year basis (CY) or fiscal year basis (FY). For this country, it is fiscal year-based (fiscal year-end: September 30). Also, an estimate (PA.NUS.ATLS) of the exchange rate covers the same period and thus differs from the official exchange rate (CY). 	  

In addition, the World Bank systematically assesses the appropriateness of official exchange rates as conversion factors. In this country, multiple or dual exchange rate activity exists and must be accounted for appropriately in underlying statistics. An alternative estimate (“alternative conversion factor” - PA.NUS.ATLS) is thus calculated as a weighted average of the different exchange rates in use in the country. Doing so better reflects economic reality and leads to more accurate cross-country comparisons and country classifications by income level. For this country, this applies to the period 1960-2014. Alternative conversion factors are used in the Atlas methodology and elsewhere in World Development Indicators as single-year conversion factors.",Myanmar
160,MNA,,,,Middle East & North Africa (excluding high income)
161,MNE,Europe & Central Asia,Upper middle income,"Montenegro declared independence from Serbia and Montenegro on June 3, 2006. Where available, data for each country are shown separately. However, for Serbia, some indicators continue to include data for Montenegro through 2005.",Montenegro
162,MNG,East Asia & Pacific,Upper middle income,"The World Bank systematically assesses the appropriateness of official exchange rates as conversion factors. In this country, multiple or dual exchange rate activity exists and must be accounted for appropriately in underlying statistics. An alternative estimate (“alternative conversion factor” - PA.NUS.ATLS) is thus calculated as a weighted average of the different exchange rates in use in the country. Doing so better reflects economic reality and leads to more accurate cross-country comparisons and country classifications by income level. For this country, this applies to the period 1991-2004. Alternative conversion factors are used in the Atlas methodology and elsewhere in World Development Indicators as single-year conversion factors.",Mongolia
163,MNP,East Asia & Pacific,High income,,Northern Mariana Islands
164,MOZ,Sub-Saharan Africa,Low income,,Mozambique
165,MRT,Sub-Saharan Africa,Lower middle income,National account data were adjusted to reflect the new banknote (1 new ouguiya = 10 old ouguiya),Mauritania
166,MUS,Sub-Saharan Africa,Upper middle income,,Mauritius
167,MWI,Sub-Saharan Africa,Low income,,Malawi
168,MYS,East Asia & Pacific,Upper middle income,,Malaysia
169,NAC,,,North America regional aggregate. There are no economies in North America classified as low or middle income.,North America
170,NAM,Sub-Saharan Africa,Upper middle income,Fiscal year end: March 31; reporting period for national accounts data: CY.,Namibia
171,NCL,East Asia & Pacific,High income,,New Caledonia
172,NER,Sub-Saharan Africa,Low income,,Niger
173,NGA,Sub-Saharan Africa,Lower middle income,"The World Bank systematically assesses the appropriateness of official exchange rates as conversion factors. In this country, multiple or dual exchange rate activity exists and must be accounted for appropriately in underlying statistics. An alternative estimate (“alternative conversion factor” - PA.NUS.ATLS) is thus calculated as a weighted average of the different exchange rates in use in the country. Doing so better reflects economic reality and leads to more accurate cross-country comparisons and country classifications by income level. For this country, this applies to 1970-2020. Alternative conversion factors are used in the Atlas methodology and elsewhere in World Development Indicators as single-year conversion factors.",Nigeria
174,NIC,Latin America & Caribbean,Lower middle income,"The World Bank systematically assesses the appropriateness of official exchange rates as conversion factors. In this country, multiple or dual exchange rate activity exists and must be accounted for appropriately in underlying statistics. An alternative estimate (“alternative conversion factor” - PA.NUS.ATLS) is thus calculated as a weighted average of the different exchange rates in use in the country. Doing so better reflects economic reality and leads to more accurate cross-country comparisons and country classifications by income level. For this country, this applies to the period 1988-2006. Alternative conversion factors are used in the Atlas methodology and elsewhere in World Development Indicators as single-year conversion factors.",Nicaragua
175,NLD,Europe & Central Asia,High income,"A simple multiplier is used to convert the national currencies of EMU members to euros. The following irrevocable euro conversion rate was adopted by the EU Council on January 1, 1999: 1 euro = 2.20371 Netherlands guilder. Please note that historical data before 1999 are not actual euros and are not comparable or suitable for aggregation across countries.",Netherlands
176,NOR,Europe & Central Asia,High income,,Norway
177,NPL,South Asia,Lower middle income,"The reporting period for national accounts data is designated as either calendar year basis (CY) or fiscal year basis (FY). For this country, it is fiscal year-based (fiscal year-end: July 14). Also, an estimate (PA.NUS.ATLS) of the exchange rate covers the same period and thus differs from the official exchange rate (CY).",Nepal
178,NRU,East Asia & Pacific,High income,"The reporting period for national accounts data is designated as either calendar year basis (CY) or fiscal year basis (FY). For this country, it is fiscal year-based (fiscal year-end: June 30). Also, an estimate (PA.NUS.ATLS) of the exchange rate covers the same period and thus differs from the official exchange rate (CY).",Nauru
179,NZL,East Asia & Pacific,High income,Fiscal year end: March 31; reporting period for national accounts data: CY.,New Zealand
180,OED,,,,OECD members
181,OMN,Middle East & North Africa,High income,,Oman
182,OSS,,,Other small states aggregate.,Other small states
183,PAK,South Asia,Lower middle income,"The reporting period for national accounts data is designated as either calendar year basis (CY) or fiscal year basis (FY). For this country, it is fiscal year-based (fiscal year-end: June 30). Also, an estimate (PA.NUS.ATLS) of the exchange rate covers the same period and thus differs from the official exchange rate (CY).",Pakistan
184,PAN,Latin America & Caribbean,High income,,Panama
185,PER,Latin America & Caribbean,Upper middle income,"The World Bank systematically assesses the appropriateness of official exchange rates as conversion factors. In this country, multiple or dual exchange rate activity exists and must be accounted for appropriately in underlying statistics. An alternative estimate (“alternative conversion factor” - PA.NUS.ATLS) is thus calculated as a weighted average of the different exchange rates in use in the country. Doing so better reflects economic reality and leads to more accurate cross-country comparisons and country classifications by income level. For this country, this applies to the period 1988-2009. Alternative conversion factors are used in the Atlas methodology and elsewhere in World Development Indicators as single-year conversion factors.",Peru
186,PHL,East Asia & Pacific,Lower middle income,,Philippines
187,PLW,East Asia & Pacific,High income,Fiscal year ends on September 30; reporting period for national accounts data: FY.,Palau
188,PNG,East Asia & Pacific,Lower middle income,,Papua New Guinea
189,POL,Europe & Central Asia,High income,,Poland
190,PRE,,,"Pre-dividend countries are mostly low-income countries, lagging in key human development indicators and with current fertility levels above four births per woman. They face very rapid population growth.",Pre-demographic dividend
191,PRI,Latin America & Caribbean,High income,Fiscal year end: June 30; reporting period for national accounts data: FY.,Puerto Rico
192,PRK,East Asia & Pacific,Low income,,"Korea, Dem. People's Rep."
193,PRT,Europe & Central Asia,High income,"A simple multiplier is used to convert the national currencies of EMU members to euros. The following irrevocable euro conversion rate was adopted by the EU Council on January 1, 1999: 1 euro = 200.482 Portuguese escudo. Please note that historical data before 1999 are not actual euros and are not comparable or suitable for aggregation across countries.",Portugal
194,PRY,Latin America & Caribbean,Upper middle income,"The World Bank systematically assesses the appropriateness of official exchange rates as conversion factors. In this country, multiple or dual exchange rate activity exists and must be accounted for appropriately in underlying statistics. An alternative estimate (“alternative conversion factor” - PA.NUS.ATLS) is thus calculated as a weighted average of the different exchange rates in use in the country. Doing so better reflects economic reality and leads to more accurate cross-country comparisons and country classifications by income level. For this country, this applies to the period 1982-1988. Alternative conversion factors are used in the Atlas methodology and elsewhere in World Development Indicators as single-year conversion factors.",Paraguay
195,PSE,Middle East & North Africa,Lower middle income,National accounts data are provided in the US dollar.,West Bank and Gaza
196,PSS,,,Pacific island small states aggregate.,Pacific island small states
197,PST,,,Post-dividend countries are mostly high-income countries where fertility has transitioned below replacement levels.,Post-demographic dividend
198,PYF,East Asia & Pacific,High income,,French Polynesia
199,QAT,Middle East & North Africa,High income,,Qatar
200,ROU,Europe & Central Asia,High income,"The World Bank systematically assesses the appropriateness of official exchange rates as conversion factors. In this country, multiple or dual exchange rate activity exists and must be accounted for appropriately in underlying statistics. An alternative estimate (“alternative conversion factor” - PA.NUS.ATLS) is thus calculated as a weighted average of the different exchange rates in use in the country. Doing so better reflects economic reality and leads to more accurate cross-country comparisons and country classifications by income level. For this country, this applies to the period 1987-1992. Alternative conversion factors are used in the Atlas methodology and elsewhere in World Development Indicators as single-year conversion factors.",Romania
201,RUS,Europe & Central Asia,High income,,Russian Federation
202,RWA,Sub-Saharan Africa,Low income,,Rwanda
203,SAS,,,,South Asia
204,SAU,Middle East & North Africa,High income,,Saudi Arabia
205,SDN,Sub-Saharan Africa,Low income,"The World Bank systematically assesses the appropriateness of official exchange rates as conversion factors. In this country, multiple or dual exchange rate activity exists and must be accounted for appropriately in underlying statistics. An alternative estimate (“alternative conversion factor” - PA.NUS.ATLS) is thus calculated as a weighted average of the different exchange rates in use in the country. Doing so better reflects economic reality and leads to more accurate cross-country comparisons and country classifications by income level. For this country, this applies to the period 2018-2020. Alternative conversion factors are used in the Atlas methodology and elsewhere in World Development Indicators as single-year conversion factors.",Sudan
206,SEN,Sub-Saharan Africa,Lower middle income,,Senegal
207,SGP,East Asia & Pacific,High income,Fiscal year end: March 31; reporting period for national accounts data: CY.,Singapore
208,SLB,East Asia & Pacific,Lower middle income,,Solomon Islands
209,SLE,Sub-Saharan Africa,Low income,,Sierra Leone
210,SLV,Latin America & Caribbean,Upper middle income,,El Salvador
211,SMR,Europe & Central Asia,High income,,San Marino
212,SOM,Sub-Saharan Africa,Low income,"The World Bank systematically assesses the appropriateness of official exchange rates as conversion factors. In this country, multiple or dual exchange rate activity exists and must be accounted for appropriately in underlying statistics. An alternative estimate (“alternative conversion factor” - PA.NUS.ATLS) is thus calculated as a weighted average of the different exchange rates in use in the country. Doing so better reflects economic reality and leads to more accurate cross-country comparisons and country classifications by income level. For this country, this applies to the period 1977-2017. Alternative conversion factors are used in the Atlas methodology and elsewhere in World Development Indicators as single-year conversion factors.",Somalia
213,SRB,Europe & Central Asia,Upper middle income,"Montenegro declared independence from Serbia and Montenegro on June 3, 2006. Where available, data for each country are shown separately. However, for Serbia, some indicators, such as those series for which data appear only for Serbia and not Montenegro--e.g., aid, environment, external debt, balance of payments, various social indicators excluding population--continue to include data for Montenegro through 2005. Moreover, data from 1999 onward for Serbia for most indicators exclude data for Kosovo, 1999 being the year when Kosovo became a territory under international administration pursuant to UN Security Council Resolution 1244 (1999); any exceptions are noted. Kosovo became a World Bank member on June 29, 2009; available data are shown separately for Kosovo. In 2011, the Statistical Office of Serbia improved the methodology of national accounts data for 2003 onward. Specifically, the classification of sectors was revised.",Serbia
214,SSA,,,,Sub-Saharan Africa (excluding high income)
215,SSD,Sub-Saharan Africa,Low income,"The reporting period for national accounts data is designated as either calendar year basis (CY) or fiscal year basis (FY). For this country, it is fiscal year-based (fiscal year-end: June 30). Also, an estimate (PA.NUS.ATLS) of the exchange rate covers the same period and thus differs from the official exchange rate (CY).",South Sudan
216,SSF,,,Sub-Saharan Africa regional aggregate (includes all income levels).,Sub-Saharan Africa
217,SST,,,Small states aggregate.,Small states
218,STP,Sub-Saharan Africa,Lower middle income,National account data were adjusted to reflect the new banknote (1 new Dobra STN = 1000 old Dobra STD),São Tomé and Principe
219,SUR,Latin America & Caribbean,Upper middle income,"The World Bank systematically assesses the appropriateness of official exchange rates as conversion factors. In this country, multiple or dual exchange rate activity exists and must be accounted for appropriately in underlying statistics. An alternative estimate (“alternative conversion factor” - PA.NUS.ATLS) is thus calculated as a weighted average of the different exchange rates in use in the country. Doing so better reflects economic reality and leads to more accurate cross-country comparisons and country classifications by income level. For this country, this applies to 1989-2021. Alternative conversion factors are used in the Atlas methodology and elsewhere in World Development Indicators as single-year conversion factors.",Suriname
220,SVK,Europe & Central Asia,High income,"A simple multiplier is used to convert the national currencies of EMU members to euros. The following irrevocable euro conversion rate entered into force on January 1, 2009: 1 euro = 30.126 Slovak koruna. Please note that historical data are not actual euros and are not comparable or suitable for aggregation across countries.",Slovak Republic
221,SVN,Europe & Central Asia,High income,"A simple multiplier is used to convert the national currencies of EMU members to euros. The following irrevocable euro conversion rate entered into force on January 1, 2007: 1 euro = 239.64 Slovenian tolar. Please note that historical data are not actual euros and are not comparable or suitable for aggregation across countries.",Slovenia
222,SWE,Europe & Central Asia,High income,Fiscal year end: June 30; reporting period for national accounts data: CY.,Sweden
223,SWZ,Sub-Saharan Africa,Lower middle income,Fiscal year end: March 31; reporting period for national accounts data: CY. Authorities revised national accounts from 1999 to 2015.,Eswatini
224,SXM,Latin America & Caribbean,High income,,Sint Maarten (Dutch part)
225,SYC,Sub-Saharan Africa,High income,,Seychelles
226,SYR,Middle East & North Africa,Low income,"The World Bank systematically assesses the appropriateness of official exchange rates as conversion factors. In this country, multiple or dual exchange rate activity exists and must be accounted for appropriately in underlying statistics. An alternative estimate (“alternative conversion factor” - PA.NUS.ATLS) is thus calculated as a weighted average of the different exchange rates in use in the country. Doing so better reflects economic reality and leads to more accurate cross-country comparisons and country classifications by income level. For this country, this applies to the period 2011-2023. Alternative conversion factors are used in the Atlas methodology and elsewhere in World Development Indicators as single-year conversion factors.",Syrian Arab Republic
227,TCA,Latin America & Caribbean,High income,,Turks and Caicos Islands
228,TCD,Sub-Saharan Africa,Low income,,Chad
229,TEA,,,East Asia & Pacific (IDA & IBRD countries) aggregate.,East Asia & Pacific (IDA & IBRD)
230,TEC,,,Europe & Central Asia (IDA & IBRD countries) aggregate.,Europe & Central Asia (IDA & IBRD)
231,TGO,Sub-Saharan Africa,Low income,,Togo
232,THA,East Asia & Pacific,Upper middle income,Fiscal year end: September 30; reporting period for national accounts data: CY.,Thailand
233,TJK,Europe & Central Asia,Lower middle income,,Tajikistan
234,TKM,Europe & Central Asia,Upper middle income,,Turkmenistan
235,TLA,,,Latin America & the Caribbean (IDA & IBRD countries) aggregate.,Latin America & Caribbean (IDA & IBRD)
236,TLS,East Asia & Pacific,Lower middle income,,Timor-Leste
237,TMN,,,Middle East & North Africa (IDA & IBRD countries) aggregate.,Middle East & North Africa (IDA & IBRD)
238,TON,East Asia & Pacific,Upper middle income,"The reporting period for national accounts data is designated as either calendar year basis (CY) or fiscal year basis (FY). For this country, it is fiscal year-based (fiscal year-end: June 30). Also, an estimate (PA.NUS.ATLS) of the exchange rate covers the same period and thus differs from the official exchange rate (CY).",Tonga
239,TSA,,,South Asia (IDA & IBRD countries) aggregate.,South Asia (IDA & IBRD)
240,TSS,,,Sub-Saharan Africa (IDA & IBRD countries) aggregate.,Sub-Saharan Africa (IDA & IBRD)
241,TTO,Latin America & Caribbean,High income,,Trinidad and Tobago
242,TUN,Middle East & North Africa,Lower middle income,,Tunisia
243,TUR,Europe & Central Asia,Upper middle income,,Türkiye
244,TUV,East Asia & Pacific,Upper middle income,,Tuvalu
245,TZA,Sub-Saharan Africa,Lower middle income,,Tanzania
246,UGA,Sub-Saharan Africa,Low income,"The reporting period for national accounts data is designated as either calendar year basis (CY) or fiscal year basis (FY). For this country, it is fiscal year-based (fiscal year-end: June 30). Also, an estimate (PA.NUS.ATLS) of the exchange rate covers the same period and thus differs from the official exchange rate (CY). 	

In addition, the World Bank systematically assesses the appropriateness of official exchange rates as conversion factors. In this country, multiple or dual exchange rate activity exists and must be accounted for appropriately in underlying statistics. An alternative estimate (“alternative conversion factor” - PA.NUS.ATLS) is thus calculated as a weighted average of the different exchange rates in use in the country. Doing so better reflects economic reality and leads to more accurate cross-country comparisons and country classifications by income level. For this country, this applies to 1960-2009. Alternative conversion factors are used in the Atlas methodology and elsewhere in World Development Indicators as single-year conversion factors.",Uganda
247,UKR,Europe & Central Asia,Upper middle income,,Ukraine
248,UMC,,,"Upper middle income group aggregate. Upper-middle-income economies are those in which 2023 Atlas GNI per capita was between $4,516 and $14,005.",Upper middle income
249,URY,Latin America & Caribbean,High income,,Uruguay
250,USA,North America,High income,,United States
251,UZB,Europe & Central Asia,Lower middle income,,Uzbekistan
252,VCT,Latin America & Caribbean,Upper middle income,,St. Vincent and the Grenadines
253,VEN,Latin America & Caribbean,,,"Venezuela, RB"
254,VGB,Latin America & Caribbean,High income,,British Virgin Islands
255,VIR,Latin America & Caribbean,High income,,Virgin Islands (U.S.)
256,VNM,East Asia & Pacific,Lower middle income,,Viet Nam
257,VUT,East Asia & Pacific,Lower middle income,,Vanuatu
258,WLD,,,,World
259,WSM,East Asia & Pacific,Lower middle income,"The reporting period for national accounts data is designated as either calendar year basis (CY) or fiscal year basis (FY). For this country, it is fiscal year-based (fiscal year-end: June 30). Also, an estimate (PA.NUS.ATLS) of the exchange rate covers the same period and thus differs from the official exchange rate (CY).",Samoa
260,XKX,Europe & Central Asia,Upper middle income,,Kosovo
261,YEM,Middle East & North Africa,Low income,"The World Bank systematically assesses the appropriateness of official exchange rates as conversion factors. In this country, multiple or dual exchange rate activity exists and must be accounted for appropriately in underlying statistics. An alternative estimate (“alternative conversion factor” - PA.NUS.ATLS) is thus calculated as a weighted average of the different exchange rates in use in the country. Doing so better reflects economic reality and leads to more accurate cross-country comparisons and country classifications by income level. For this country, this applies to 1990-2019. Alternative conversion factors are used in the Atlas methodology and elsewhere in World Development Indicators as single-year conversion factors.","Yemen, Rep."
262,ZAF,Sub-Saharan Africa,Upper middle income,Fiscal year end: March 31; reporting period for national accounts data: CY.,South Africa
263,ZMB,Sub-Saharan Africa,Lower middle income,"National accounts data were rebased to reflect the January 1, 2013, introduction of the new Zambian kwacha at a rate of 1,000 old kwacha = 1 new kwacha.",Zambia
264,ZWE,Sub-Saharan Africa,Lower middle income,"National Accounts data are reported in Zimbabwean Dollar (ZWL). Before 2017, one ZWL is set to be equal to one USD.

The World Bank systematically assesses the appropriateness of official exchange rates as conversion factors. In this country, multiple or dual exchange rate activity exists and must be accounted for appropriately in underlying statistics. An alternative estimate (“alternative conversion factor” - PA.NUS.ATLS) is thus calculated as a weighted average of the different exchange rates in use in the country. Doing so better reflects economic reality and leads to more accurate cross-country comparisons and country classifications by income level. For this country, this applies to the period 2017-2023. Alternative conversion factors are used in the Atlas methodology and elsewhere in World Development Indicators as single-year conversion factors.",Zimbabwe
